N,vector time (s),list time(s)
10000,0.0120641,0.0912781
20000,0.0481248,0.577694
50000,0.295525,6.22311
100000,1.213,30.2128
200000,5.65612,133.626
300000,13.096,319.202
400000,24.0716,699.424
500000,37.2407,1362.84
600000,54.6855,2491.17
700000,74.2577,4412.57
800000,96.2638,6896.5
900000,122.905,9786.17
1000000,150.045,13834
